Student_ID,CGPA,10th_Percentage,12th_Percentage,Internships,Coding_Score,Aptitude_Score,Communication,Projects,Backlogs,Placement
1760,5.42,62.3,59.77,1,42.0,54.1,Good,0,1,No
1603,5.85,76.77,75.6,1,55.4,55.9,Good,0,1,No
1024,6.16,64.5,64.55,0,52.3,65.5,Average,0,4,No
1423,7.5,78.3,81.2,1,77.7,65.5,Excellent,4,1,Yes
1302,5.58,66.0,70.58,0,51.2,64.7,Poor,1,2,No
1426,9.13,75.37,85.63,3,95.7,70.0,Excellent,2,0,Yes
1120,6.61,78.96,67.41,0,55.9,68.9,Good,1,2,No
1109,8.86,83.75,86.86,3,90.4,100.0,Excellent,5,0,Yes
1045,9.49,97.09625,73.32,2,100.0,94.8,Excellent,4,0,Yes
1811,7.15,74.37,72.01,1,64.7,53.3,Excellent,2,3,No
1465,7.025,97.09625,85.91,3,96.3,93.9,Excellent,3,0,Yes
1635,7.72,77.08,71.87,0,64.7,57.4,Good,2,2,No
1083,6.57,67.85,55.76,0,30.9,46.4,Poor,0,2,Yes
1383,8.05,84.35,78.85,2,81.7,87.9,Excellent,1,0,No
1071,7.025,60.25,62.88,0,49.8,45.0,Poor,0,1,Yes
1739,7.75,82.52,80.3,1,71.3,65.0,Excellent,1,0,Yes
1738,6.43,70.38,73.09,2,64.7,52.2,Good,2,0,No
1749,6.98,60.66,65.76,0,64.7,69.2,Average,1,3,No
1837,8.01,82.29,77.91,3,76.5,81.6,Good,3,0,Yes
1138,9.0,93.23,90.27,3,96.7,100.0,Excellent,5,0,Yes
1901,7.025,73.68,75.73,2,94.0,65.5,Excellent,2,0,Yes
1513,6.5,75.37,66.23,1,54.1,65.5,Average,2,1,No
1514,5.95,55.68,64.4,0,42.0,65.5,Average,2,3,No
1586,6.75,77.85,77.05,1,70.9,66.2,Good,3,2,Yes
1177,6.62,62.68,90.0,1,57.9,48.6,Good,1,1,No
1468,5.83,71.75,71.29,0,57.8,55.1,Good,1,3,No
1223,5.38,58.18,60.47,0,38.2,32.9,Poor,1,2,Yes
1647,7.5,73.58,71.3,3,76.4,81.7,Excellent,1,1,No
1380,7.61,81.62,73.33,1,64.7,77.8,Excellent,4,1,Yes
1020,7.025,85.83,88.34,3,93.3,65.5,Good,4,1,Yes
1638,7.025,85.0,69.04,0,51.4,41.5,Average,2,3,Yes
1705,5.6,66.52,64.97,0,48.7,53.1,Good,0,4,Yes
1974,7.025,72.5,79.31,2,78.8,65.5,Excellent,3,0,Yes
1834,7.025,70.7,60.87,0,54.0,75.4,Poor,0,3,No
1525,7.28,77.16,78.62,1,60.1,69.8,Average,1,1,No
1136,7.63,68.34,73.37,1,64.9,52.5,Good,0,1,Yes
1382,5.18,63.07,57.05,0,45.9,44.8,Average,0,3,Yes
1056,7.89,88.4,80.68,2,84.5,80.9,Excellent,5,0,Yes
1764,6.91,77.87,76.21,2,79.2,70.9,Excellent,2,0,Yes
1453,5.83,59.68,64.75,0,46.5,47.9,Average,0,4,No
1176,5.76,71.51,66.73,0,64.4,55.7,Good,0,5,No
1132,7.41,73.4,66.74,1,57.6,50.4,Average,1,0,Yes
1976,6.37,76.22,72.56,1,62.9,54.4,Good,2,4,No
1872,6.69,74.99,79.31,2,64.7,64.8,Average,2,1,Yes
1067,8.34,82.82,86.04,4,87.3,92.0,Excellent,2,0,Yes
1927,7.025,75.37,96.59875,4,98.4,65.5,Good,8,0,Yes
1923,5.68,61.27,68.1,0,55.2,44.6,Poor,1,4,No
1947,7.025,74.98,73.33,1,62.8,68.4,Excellent,0,1,Yes
1499,7.71,76.54,81.69,1,59.3,78.3,Average,4,1,Yes
1447,7.025,78.4,81.26,2,68.9,81.5,Excellent,2,1,Yes
1327,5.83,73.51,63.59,0,56.6,51.0,Average,2,3,No
1853,6.98,75.78,65.64,1,67.8,67.4,Average,4,4,No
1500,6.54,71.53,68.49,1,48.6,58.3,Poor,0,1,No
1877,5.66,61.53,62.19,0,63.7,46.2,Poor,0,4,Yes
1354,7.18,75.37,75.19,1,57.5,61.6,Poor,2,2,No
1617,6.64,75.37,64.09,0,52.6,90.0,Average,1,1,Yes
1595,6.29,74.95,71.42,0,53.7,53.1,Poor,1,2,No
1512,6.19,70.81,71.72,1,61.7,38.7,Poor,0,2,Yes
1699,7.6,76.13,83.09,2,62.5,74.9,Poor,2,1,Yes
1687,7.18,82.6,74.63,1,69.8,55.1,Excellent,3,2,Yes
1569,5.8,70.14,65.95,1,43.9,62.5,Poor,1,1,No
1827,6.26,62.13,63.58,1,62.3,48.6,Good,1,3,Yes
1683,7.8,85.96,74.7,3,75.0,74.6,Good,0,1,No
1787,6.94,75.37,73.32,2,78.5,65.5,Good,4,2,Yes
1263,7.025,77.78,62.15,1,57.3,54.0,Average,2,1,Yes
1763,6.05,68.32,69.73,0,55.0,33.5,Average,1,1,No
1421,8.3,87.42,87.5,3,81.9,87.9,Good,5,1,Yes
1068,7.025,75.37,73.32,0,80.1,61.6,Good,4,0,Yes
1702,7.16,80.78,76.5,0,56.2,66.7,Good,1,4,Yes
1924,6.6,73.29,68.5,3,68.4,52.9,Excellent,2,0,Yes
1443,6.94,74.7,78.19,1,64.7,69.0,Excellent,1,2,Yes
1504,6.2,67.65,78.31,0,58.4,61.7,Average,1,1,Yes
1580,7.16,73.86,70.33,1,51.4,70.1,Poor,0,1,No
1912,5.82,56.72,70.94,1,61.1,50.4,Good,1,1,No
1105,7.34,82.35,71.46,0,64.7,67.0,Excellent,3,1,Yes
1828,7.54,86.98,74.94,2,56.1,77.3,Good,2,2,Yes
1857,6.95,63.19,69.44,1,54.5,59.5,Good,1,1,Yes
1559,7.32,83.2,80.57,3,77.1,62.5,Excellent,1,1,Yes
1315,6.61,81.43,75.4,0,60.3,83.5,Average,2,2,No
1292,6.47,69.47,61.59,2,45.7,51.0,Excellent,2,1,Yes
1355,5.43,67.7,63.59,0,59.6,45.1,Poor,0,3,No
1682,5.97,71.81,71.96,1,50.8,52.4,Poor,1,2,No
1789,5.21,60.61,57.66,0,49.7,47.6,Poor,1,3,Yes
1232,7.53,91.19,84.84,2,68.3,88.4,Average,2,0,Yes
1127,6.6,78.24,70.52,1,54.8,74.5,Good,2,2,No
1659,7.025,79.82,78.04,2,64.7,78.6,Excellent,3,0,No
1410,6.58,81.27,72.27,0,63.6,37.3,Poor,1,2,No
1891,6.67,75.37,69.28,1,85.0,63.1,Poor,2,1,No
1390,6.43,69.01,76.2,1,54.0,74.5,Poor,2,1,No
1237,7.34,68.84,79.72,3,76.0,61.9,Good,2,2,Yes
1893,7.02,75.14,79.57,0,82.1,50.0,Good,0,1,No
1973,6.67,72.62,68.34,0,52.4,63.5,Good,2,3,No
1016,6.11,73.78,72.43,0,62.8,41.7,Poor,1,2,Yes
1028,6.91,82.28,83.83,1,51.6,61.0,Average,2,1,Yes
1625,7.025,80.13,69.13,1,60.7,69.6,Excellent,1,1,Yes
1618,6.13,75.37,60.23,1,45.0,64.9,Good,0,2,No
1615,6.85,69.81,65.45,1,50.5,48.0,Average,0,1,No
1740,8.82,87.88,75.77,3,64.7,100.0,Excellent,3,0,Yes
1913,5.79,67.17,69.22,0,47.5,61.0,Good,5,1,Yes
1285,7.54,80.99,75.88,1,74.7,64.9,Excellent,2,0,No
1806,6.62,71.02,82.42,1,71.5,63.9,Excellent,2,2,Yes
1737,7.025,78.48,85.04,1,88.4,71.7,Excellent,2,1,Yes
1742,8.25,80.07,78.59,2,87.8,82.3,Excellent,6,1,Yes
1654,9.14,70.99,79.25,3,64.7,92.0,Excellent,5,1,Yes
1724,5.28,69.95,59.97,0,59.2,47.7,Excellent,0,2,Yes
1122,8.5,74.87,76.46,3,63.6,75.4,Excellent,2,0,Yes
1904,6.66,75.37,54.84,0,60.1,57.6,Good,1,1,No
1384,6.51,76.44,76.85,1,75.7,90.0,Good,0,1,Yes
1420,8.71,81.19,78.88,3,96.5,82.4,Excellent,4,1,Yes
1377,7.25,73.0,73.32,0,67.3,70.2,Good,2,1,No
1271,6.39,74.86,75.52,1,51.5,67.3,Poor,2,1,Yes
1492,7.025,82.1,85.24,2,100.0,62.1,Excellent,4,0,Yes
1932,7.22,72.98,74.46,0,67.0,77.3,Average,2,2,Yes
1414,7.35,81.49,83.6,0,71.7,74.2,Excellent,3,1,Yes
1886,5.85,71.54,70.26,1,58.4,40.8,Average,1,1,Yes
1779,8.05,87.7,86.18,3,64.7,100.0,Excellent,4,1,Yes
1281,5.47,65.81,60.92,0,50.2,65.5,Poor,2,3,Yes
1989,6.01,66.69,69.77,1,57.5,52.6,Average,1,2,No
1549,8.34,78.61,82.22,3,75.0,75.8,Excellent,5,1,Yes
1370,6.41,75.37,61.58,0,50.8,65.5,Poor,1,2,Yes
1167,6.32,72.16,73.55,0,56.8,53.4,Poor,2,3,Yes
1037,7.94,76.3,77.77,2,80.9,86.7,Good,4,0,Yes
1995,6.82,80.47,84.29,0,59.1,45.4,Good,0,3,No
1320,7.025,80.07,82.03,2,54.8,67.6,Average,1,2,No
1838,5.77,67.53,67.5,0,53.2,44.8,Poor,0,0,No
1729,8.11,75.37,80.65,3,93.7,66.1,Excellent,5,1,Yes
1695,5.26,70.16,59.45,2,49.5,52.4,Good,0,1,Yes
1340,6.61,73.4,67.79,1,64.7,56.2,Poor,1,0,Yes
1448,8.47,75.37,84.48,3,74.4,93.1,Excellent,4,0,Yes
1574,8.09,84.59,73.32,1,70.1,67.9,Good,4,0,Yes
1632,7.2,73.35,72.26,1,83.4,65.8,Good,2,3,No
1536,7.025,85.51,83.06,2,72.3,77.6,Excellent,5,1,Yes
1599,7.025,85.72,73.32,1,88.4,86.0,Excellent,4,1,Yes
1242,5.0,58.3,90.0,0,53.9,44.2,Poor,2,1,No
1187,7.06,72.28,59.76,0,64.7,59.6,Good,2,1,No
1183,7.12,70.92,62.66,1,46.6,67.9,Excellent,1,2,Yes
1971,6.5,79.07,77.47,2,67.7,49.7,Good,1,2,No
1243,7.025,75.37,68.99,1,45.6,48.4,Poor,0,2,Yes
1667,6.33,72.57,67.07,1,52.5,50.5,Poor,1,1,Yes
2000,7.57,77.79,64.43,1,68.3,62.9,Good,4,2,Yes
1754,6.13,76.47,80.0,1,64.4,61.8,Good,0,2,No
1405,5.87,64.45,73.32,0,54.0,65.5,Excellent,0,4,No
1502,6.24,66.11,73.32,1,46.4,52.0,Poor,2,2,Yes
1544,7.42,78.51,69.82,1,59.9,57.2,Average,2,1,Yes
1843,5.9,75.37,67.3,1,52.4,44.9,Excellent,2,4,Yes
1102,6.97,76.38,81.54,2,60.4,79.8,Average,4,2,No
1679,6.5,77.03,74.97,2,64.1,47.7,Average,3,2,Yes
1376,6.96,81.36,83.03,2,79.8,61.4,Good,4,0,Yes
1842,6.79,69.13,73.83,1,67.3,65.5,Average,4,2,No
1173,7.1,90.0,82.16,1,71.8,68.6,Good,2,1,No
1598,7.19,74.26,64.6,1,64.0,60.2,Poor,2,2,No
1836,7.025,81.91,73.32,2,84.0,77.4,Excellent,1,1,Yes
1064,5.65,63.46,53.39,0,55.8,43.9,Excellent,0,4,No
1581,7.4,69.0,79.82,1,69.8,72.8,Average,0,3,Yes
1784,6.68,72.02,76.24,1,61.4,65.5,Poor,1,2,Yes
1166,5.96,70.27,71.77,0,60.7,65.5,Excellent,1,3,No
1231,7.84,82.07,77.68,1,70.5,64.2,Poor,4,1,Yes
1980,8.93,92.18,85.39,4,90.5,80.5,Excellent,8,1,Yes
1154,7.35,80.76,77.68,4,66.3,96.9,Good,6,1,Yes
1427,6.61,80.74,75.37,2,75.8,79.6,Average,5,1,Yes
1921,8.21,85.0,81.75,1,64.7,76.0,Average,2,2,Yes
1059,7.2,66.8,72.65,0,60.4,62.5,Poor,2,1,No
1720,7.025,72.15,74.92,1,49.5,61.5,Poor,1,3,No
1319,8.27,79.36,72.13,2,74.5,65.5,Average,5,0,Yes
1999,8.21,74.82,88.89,1,86.3,81.7,Excellent,3,1,Yes
1086,6.51,68.84,72.61,1,52.7,60.6,Good,1,2,Yes
1753,6.14,75.37,80.0,0,47.8,55.3,Average,2,3,Yes
1111,5.0,53.72624999999999,53.74,0,30.0,30.0,Poor,0,4,No
1660,7.42,77.19,73.32,2,67.0,65.5,Excellent,3,0,Yes
1892,7.025,90.84,93.82,3,100.0,65.5,Excellent,5,1,Yes
1498,5.41,63.6,57.32,0,85.0,43.4,Poor,1,3,No
1791,6.34,75.28,77.3,1,76.9,67.3,Excellent,2,1,No
1311,9.0,93.28,82.72,1,75.0,79.9,Average,4,0,Yes
1794,7.58,75.37,78.44,1,58.6,48.8,Poor,2,1,No
1101,6.97,67.41,69.99,0,49.8,45.6,Average,0,3,No
1540,7.55,70.45,73.15,2,62.4,52.9,Average,2,3,No
1745,7.025,64.22,69.1,0,46.4,44.8,Poor,0,6,Yes
1861,6.5,84.03,79.36,0,76.7,68.7,Good,1,2,No
1651,7.025,69.62,78.72,1,70.5,63.1,Good,2,1,No
1781,7.63,81.79,71.34,1,67.5,75.2,Average,3,2,Yes
1642,8.08,80.53,87.04,3,56.0,74.9,Excellent,5,1,Yes
1282,6.67,64.1,67.84,2,56.7,47.7,Average,0,2,Yes
1403,9.0,88.16,88.58,4,92.6,94.7,Excellent,7,0,Yes
1451,5.5,68.15,67.28,0,43.2,58.4,Poor,0,4,No
1217,6.0,68.94,69.03,0,66.8,51.6,Poor,0,1,No
1626,7.7,72.63,67.98,1,64.7,84.0,Good,6,1,Yes
1268,8.39,83.8,73.32,1,84.6,71.3,Excellent,2,0,Yes
1291,7.66,75.37,72.53,2,63.5,72.9,Good,2,1,Yes
1130,7.025,73.22,61.51,0,59.5,51.0,Poor,2,1,Yes
1610,7.62,79.97,73.32,2,87.4,55.6,Average,2,2,No
1306,7.58,83.87,73.6,2,68.3,60.0,Good,4,3,Yes
1046,7.65,75.37,78.15,0,64.7,58.8,Good,2,1,Yes
1854,7.79,71.62,75.55,1,57.9,78.8,Excellent,5,0,Yes
1389,6.47,71.01,61.48,1,58.8,62.6,Good,0,2,No
1344,5.41,66.71,58.31,0,65.6,43.9,Good,0,2,No
1075,9.0,58.02,52.81,0,30.0,40.3,Poor,0,4,Yes
1800,7.7,74.76,68.07,2,69.0,63.7,Excellent,2,1,Yes
1962,8.5,75.76,65.94,0,64.7,54.3,Average,0,3,No
1562,5.89,63.95,68.42,0,36.3,43.0,Average,2,1,No
1984,7.42,65.39,72.46,2,64.7,61.4,Average,1,0,Yes
1352,7.86,78.81,78.89,3,79.4,78.8,Average,2,3,No
1715,6.45,64.32,63.65,2,53.2,45.5,Good,1,2,Yes
1017,9.505,92.84,95.59,4,100.0,100.0,Excellent,6,0,No
1846,7.17,72.98,83.3,0,79.4,70.5,Good,3,0,No
1483,7.89,75.37,86.39,2,64.7,86.1,Good,2,0,Yes
1347,6.84,67.88,75.21,1,74.5,67.1,Poor,2,3,Yes
1582,6.83,80.87,80.01,1,75.1,65.5,Excellent,2,1,Yes
1457,7.025,72.13,71.22,1,62.9,64.7,Excellent,2,1,Yes
1287,6.48,72.03,64.71,0,64.7,63.3,Good,1,1,No
1928,6.36,68.93,66.34,1,58.4,47.4,Excellent,0,2,No
1117,6.76,80.15,68.5,1,67.4,90.0,Average,3,0,No
1965,8.83,86.21,88.22,4,93.4,100.0,Excellent,5,0,Yes
1021,5.43,75.37,57.42,1,53.0,43.0,Poor,2,3,Yes
1304,6.95,71.62,71.77,1,64.7,61.1,Average,3,1,No
1910,7.025,88.21,92.47,1,92.4,100.0,Excellent,2,0,Yes
1906,5.93,85.0,62.04,1,64.7,57.1,Good,0,3,No
1337,8.02,82.11,76.97,3,82.6,69.2,Excellent,3,1,Yes
1338,7.86,82.41,83.4,3,79.4,86.7,Good,5,0,No
1246,7.025,65.07,49.96875,0,39.3,42.3,Poor,0,5,No
1862,8.24,77.32,73.32,4,86.7,92.1,Excellent,4,0,Yes
1909,6.99,85.26,72.04,1,91.7,59.7,Excellent,3,0,Yes
1087,5.96,65.18,72.69,0,54.4,47.4,Poor,2,1,No
1786,7.41,66.74,74.66,1,64.7,90.0,Poor,2,2,Yes
1025,8.71,82.2,95.96,1,74.1,89.9,Excellent,4,0,Yes
1550,7.79,84.85,80.73,2,80.2,75.1,Excellent,3,0,No
1820,7.56,86.18,75.18,1,80.0,71.0,Good,4,2,Yes
1584,6.28,62.94,74.67,0,58.0,36.7,Excellent,0,2,Yes
1832,8.0,81.44,79.47,0,74.1,67.8,Average,4,0,Yes
1487,5.39,72.29,67.15,0,64.7,40.5,Poor,0,1,No
1192,8.2,96.33,86.26,2,64.7,88.0,Excellent,2,0,Yes
1239,7.12,81.47,80.74,1,64.5,81.4,Good,0,1,Yes
1643,6.41,65.68,61.59,0,49.6,50.9,Poor,3,3,Yes
1691,7.67,74.16,77.58,2,54.0,54.4,Good,1,1,No
1844,6.77,75.37,75.59,1,56.6,59.3,Good,1,2,Yes
1169,6.75,69.96,75.33,1,62.3,51.3,Average,2,3,No
1409,6.4,78.58,74.4,1,72.2,58.5,Average,1,1,Yes
1063,7.36,78.87,72.25,1,65.2,76.7,Average,3,0,Yes
1254,5.61,60.26,58.49,0,41.9,48.4,Poor,0,2,Yes
1007,8.57,75.41,79.44,1,85.5,62.0,Excellent,7,1,Yes
1096,7.67,90.0,72.44,3,81.6,73.4,Good,4,0,Yes
1133,7.19,77.81,66.33,0,42.5,45.9,Poor,1,1,No
1491,6.06,74.56,73.32,1,36.7,67.3,Poor,0,2,No
1469,8.04,86.93,79.51,1,78.5,65.5,Good,3,1,Yes
1752,7.44,77.35,76.49,1,64.2,65.1,Average,2,1,No
1799,7.3,74.85,79.76,2,86.2,62.2,Good,0,2,Yes
1261,7.34,77.14,90.0,1,78.4,65.5,Average,1,1,Yes
1810,5.87,58.68,68.43,0,64.7,55.9,Poor,1,3,No
1422,7.09,72.56,79.25,2,92.8,81.5,Poor,2,3,Yes
1236,5.42,75.64,65.98,0,52.2,47.8,Poor,0,3,No
1629,7.025,84.67,70.6,0,64.7,62.3,Good,1,2,Yes
1551,5.96,74.71,60.29,1,47.4,46.1,Poor,1,2,No
1898,6.53,72.14,69.33,1,59.2,44.3,Excellent,0,4,No
1434,7.025,80.22,69.94,1,67.1,59.7,Average,3,0,No
1560,5.37,60.75,65.76,0,30.0,44.8,Poor,2,4,No
1391,9.0,79.25,68.57,0,62.7,52.2,Average,2,2,Yes
1029,6.96,68.13,62.78,0,61.3,48.9,Average,1,3,Yes
1496,7.52,78.05,78.3,1,80.7,78.3,Excellent,3,0,No
1333,8.28,82.25,73.32,1,79.4,75.2,Average,3,0,Yes
1313,7.025,75.37,81.19,3,64.7,72.2,Excellent,6,1,Yes
1520,7.24,80.82,79.19,1,86.5,87.5,Good,2,0,Yes
1343,6.55,73.29,70.49,1,64.7,57.4,Good,1,0,Yes
1164,6.77,74.37,73.59,1,53.3,66.2,Average,1,2,Yes
1148,6.67,75.37,69.52,1,72.3,57.9,Poor,2,1,Yes
1252,5.88,65.53,62.1,1,49.0,50.2,Poor,0,4,Yes
1299,6.29,76.25,72.36,2,57.8,66.2,Poor,3,1,No
1442,7.66,79.18,72.68,2,75.9,65.5,Excellent,3,0,Yes
1013,7.025,78.26,77.65,2,85.0,71.5,Average,2,1,Yes
1813,8.16,81.93,76.11,1,64.3,62.3,Good,4,0,Yes
1309,7.4,77.55,81.35,1,64.2,65.5,Poor,3,0,No
1158,9.45,85.6,91.62,4,100.0,90.0,Excellent,2,0,Yes
1576,7.6,75.37,75.67,1,70.7,85.5,Good,2,0,Yes
1310,6.05,63.96,60.3,0,55.5,42.8,Poor,0,4,Yes
1733,6.46,64.62,67.1,0,70.1,51.4,Average,2,4,No
1172,8.68,89.57,78.09,1,80.2,90.0,Excellent,5,0,Yes
1135,8.16,90.77,89.52,2,83.0,80.0,Excellent,3,0,Yes
1437,7.82,82.28,82.34,0,69.6,75.1,Excellent,2,0,Yes
1358,6.35,67.14,79.53,0,74.0,65.9,Good,2,2,No
1641,6.96,73.61,73.32,1,56.2,62.9,Average,2,1,No
1526,6.24,72.62,62.93,1,48.2,54.2,Poor,1,3,No
1152,5.21,57.19,65.1,1,30.0,30.0,Poor,0,3,No
1004,7.025,62.75,62.79,1,49.9,48.9,Poor,1,4,Yes
1919,6.29,67.55,64.71,0,48.2,56.1,Average,0,3,No
1094,7.7,80.89,79.41,1,86.8,87.5,Excellent,1,0,Yes
1419,9.505,86.9,93.1,3,64.7,100.0,Excellent,6,0,Yes
1023,6.9,83.22,76.72,2,57.4,68.6,Good,2,2,Yes
1213,8.93,92.66,87.74,3,86.3,65.5,Excellent,4,0,Yes
1196,5.77,58.58,60.18,0,39.5,30.0,Poor,2,3,No
1041,6.58,71.77,66.2,2,65.4,56.0,Poor,1,2,No
1435,6.11,65.85,78.59,0,62.2,58.7,Excellent,2,1,Yes
1270,7.025,70.81,85.72,1,60.5,65.9,Average,0,2,No
1361,6.74,65.3,75.5,0,55.3,67.3,Good,4,1,No
1689,7.03,58.09,74.84,1,72.1,72.0,Average,1,2,No
1957,8.03,83.82,87.09,1,79.5,65.5,Excellent,5,1,Yes
1054,7.41,76.29,71.31,2,82.1,76.1,Excellent,3,0,Yes
1039,7.26,67.6,75.01,1,64.7,69.8,Average,3,1,Yes
1900,5.61,69.78,52.47,0,47.1,50.7,Poor,0,2,Yes
1295,8.28,84.9,92.25,2,80.9,78.9,Good,5,0,Yes
1084,7.51,72.27,80.18,0,85.0,69.3,Excellent,1,0,Yes
1620,6.51,81.79,73.95,1,53.9,59.8,Average,1,1,Yes
1518,6.86,82.04,75.79,1,79.1,65.5,Average,1,2,Yes
1316,6.93,76.14,59.24,1,66.1,60.8,Average,3,1,Yes
1233,6.46,67.65,54.86,1,64.7,67.2,Average,0,1,No
1759,7.73,82.35,73.32,1,77.0,67.0,Good,3,2,Yes
1274,9.05,81.81,91.3,2,83.6,85.3,Excellent,5,0,Yes
1466,7.025,60.48,50.14,0,30.0,32.5,Poor,0,4,No
1596,5.42,75.37,64.72,1,52.4,37.5,Poor,1,1,Yes
1157,7.02,70.87,70.93,0,58.0,47.6,Average,2,2,No
1658,7.17,85.0,78.52,3,66.8,65.5,Average,2,1,Yes
1394,7.01,72.92,80.0,0,74.0,63.9,Average,2,2,Yes
1485,6.22,61.67,66.43,0,64.7,51.7,Average,2,2,No
1943,7.04,65.75,69.98,0,67.6,67.1,Good,2,1,Yes
1863,5.42,67.7,61.07,1,46.2,65.5,Average,0,1,No
1092,6.51,79.55,81.47,0,66.9,66.9,Good,1,3,No
1988,6.17,73.38,68.8,2,62.4,68.8,Good,1,1,Yes
1915,7.025,80.15,77.88,2,84.6,68.7,Excellent,5,1,Yes
1211,7.54,83.85,80.32,2,68.9,60.3,Excellent,3,0,Yes
1372,7.26,74.44,76.35,2,69.1,61.2,Good,2,2,Yes
1051,7.025,79.1,69.56,1,74.9,71.8,Excellent,4,1,Yes
1032,6.82,81.03,78.06,2,85.0,69.5,Good,2,1,No
1722,5.0,53.72624999999999,52.55,0,35.9,38.6,Poor,2,1,No
1118,6.66,67.05,72.16,0,80.5,71.1,Average,1,1,No
1869,7.23,73.41,73.33,2,64.7,72.4,Poor,3,1,No
1896,9.17,90.27,73.32,2,79.2,100.0,Excellent,2,1,Yes
1601,6.18,69.34,79.67,2,79.0,68.4,Excellent,4,1,Yes
1047,6.73,65.82,69.09,1,50.4,63.5,Excellent,1,1,Yes
1634,7.025,71.17,73.02,2,57.5,67.4,Good,1,1,Yes
1952,7.12,82.23,80.49,1,72.6,90.0,Good,3,1,Yes
1293,8.5,78.24,77.22,1,78.3,80.9,Excellent,1,0,Yes
1145,6.44,77.01,64.09,1,61.3,61.0,Average,2,4,Yes
1607,9.0,83.48,79.97,2,82.2,87.5,Excellent,3,0,Yes
1450,6.9,68.78,76.8,1,61.2,59.2,Average,3,2,No
1146,5.93,64.86,49.96875,0,36.8,52.7,Poor,0,5,No
1631,7.025,80.36,77.91,0,79.9,88.8,Excellent,4,1,Yes
1404,6.03,77.0,71.07,0,42.5,53.7,Average,3,2,No
1312,7.44,78.85,64.89,0,67.3,64.4,Good,1,3,Yes
1814,9.45,85.0,94.71,2,97.8,88.1,Excellent,7,0,Yes
1743,6.94,73.93,73.32,1,56.5,69.9,Excellent,5,0,Yes
1817,6.54,79.42,69.05,1,70.1,70.2,Poor,2,1,No
1613,7.08,76.59,66.52,1,64.7,72.9,Good,2,0,No
1548,7.44,75.37,79.18,1,72.3,71.4,Poor,3,1,No
1855,8.0,76.64,77.83,1,74.1,65.5,Poor,2,1,Yes
1969,7.04,78.76,73.32,0,63.3,54.8,Good,3,2,No
1381,8.82,91.87,91.21,2,95.9,84.9,Excellent,4,1,Yes
1081,5.17,56.26,60.58,0,54.8,36.0,Average,1,2,No
1241,7.025,69.28,60.44,0,61.8,33.4,Average,0,2,Yes
1575,7.26,84.95,77.51,1,71.4,88.1,Good,2,1,Yes
1735,7.37,75.89,68.41,1,79.2,71.2,Excellent,1,0,No
1951,5.84,70.68,73.63,1,43.4,50.0,Average,0,5,Yes
1151,7.61,78.53,66.9,2,89.8,73.5,Good,2,0,Yes
1284,5.31,58.44,59.13,1,54.5,90.0,Poor,1,3,No
1719,7.58,81.58,69.26,1,57.9,62.9,Good,3,1,Yes
1125,9.505,81.04,91.63,4,100.0,100.0,Excellent,6,1,Yes
1458,7.19,69.83,73.32,0,62.1,60.6,Excellent,4,0,No
1040,7.14,75.37,75.63,1,56.9,68.4,Average,4,1,No
1398,5.49,79.1,59.74,0,60.4,60.2,Poor,1,2,No
1731,6.56,68.96,72.34,1,52.4,62.6,Excellent,3,2,No
1831,5.93,64.4,61.2,0,51.5,38.7,Poor,1,3,Yes
1341,6.38,78.07,81.4,2,64.7,70.5,Excellent,2,2,Yes
1240,8.61,78.14,77.7,3,92.9,77.4,Excellent,1,0,Yes
1203,6.52,75.38,65.6,1,59.1,67.9,Average,3,2,No
1552,6.86,75.54,69.82,1,63.2,57.0,Average,0,1,Yes
1748,7.84,76.84,80.92,1,65.3,87.4,Excellent,4,1,Yes
1684,6.6,77.42,72.95,0,64.7,67.9,Average,2,1,Yes
1944,9.0,80.8,72.24,2,65.4,75.0,Average,1,1,Yes
1542,9.505,85.44,93.03,2,100.0,100.0,Excellent,2,0,Yes
1993,6.73,76.7,74.98,0,70.1,65.9,Average,4,3,Yes
1894,5.29,64.64,54.94,0,42.2,65.5,Poor,0,6,No
1785,6.44,71.09,73.67,0,68.7,62.4,Good,0,1,Yes
1088,8.61,81.37,70.0,2,79.1,66.0,Excellent,3,1,Yes
1296,6.03,71.47,61.31,0,52.3,47.6,Average,1,3,No
1011,7.025,82.73,73.32,2,45.9,62.0,Poor,2,0,No
1408,7.025,73.37,62.4,0,45.3,65.5,Poor,0,2,No
1090,6.91,84.05,73.32,3,79.7,71.6,Good,2,0,Yes
1475,5.37,75.37,73.32,0,47.3,48.2,Poor,0,5,Yes
1349,5.78,77.41,67.39,0,57.9,63.7,Average,1,3,No
1657,8.01,81.19,71.68,2,81.3,66.4,Excellent,2,1,Yes
1527,7.025,73.34,74.47,0,69.7,56.5,Average,1,2,No
1411,7.8,77.11,83.25,2,64.7,88.4,Excellent,4,1,Yes
1822,6.48,68.22,62.52,2,64.0,56.5,Poor,1,0,Yes
1153,8.92,90.45,85.49,3,80.7,74.7,Excellent,5,0,Yes
1594,9.42,97.09625,85.71,2,85.6,80.8,Good,6,0,Yes
1321,7.53,87.67,73.32,2,82.5,69.1,Average,2,1,No
1992,8.41,75.37,83.97,4,89.8,65.5,Excellent,7,0,Yes
1198,9.25,97.09625,73.32,3,96.7,92.0,Excellent,4,0,Yes
1161,6.58,55.34,61.26,0,66.3,61.7,Poor,0,3,No
1275,9.33,93.59,73.32,4,100.0,91.7,Excellent,5,1,Yes
1209,8.5,75.37,64.34,0,52.5,54.0,Excellent,1,2,No
1908,7.44,86.53,88.01,2,82.0,91.0,Excellent,5,1,Yes
1803,6.52,64.84,63.29,0,47.7,49.7,Poor,1,3,No
1214,7.025,73.35,78.62,0,79.5,79.0,Poor,5,2,Yes
1269,7.22,68.61,77.28,2,83.6,65.5,Excellent,2,0,Yes
1031,8.28,80.26,77.95,3,68.4,76.9,Excellent,3,0,Yes
1188,7.025,90.0,67.44,0,49.8,66.0,Poor,0,3,No
1899,7.4,82.72,79.33,2,81.5,65.8,Good,1,0,Yes
1379,7.58,73.87,76.48,0,64.7,84.1,Good,2,2,Yes
1539,6.67,73.21,70.81,1,71.2,65.5,Poor,2,3,No
1076,7.025,57.58,70.09,0,65.6,51.4,Poor,1,4,No
1100,8.2,72.53,73.32,2,72.3,65.7,Good,4,2,Yes
1048,7.09,72.02,70.04,1,59.6,68.6,Average,1,2,Yes
1802,5.67,73.89,68.3,1,45.8,56.9,Good,1,2,No
1335,7.59,81.59,75.02,1,67.9,57.1,Good,1,1,No
1934,6.36,68.64,69.68,0,44.8,65.2,Good,1,2,No
1366,5.7,64.9,62.82,0,55.9,44.2,Poor,2,2,No
1300,8.28,81.17,77.29,3,64.7,91.5,Excellent,5,0,Yes
1997,7.2,72.19,75.79,1,68.2,70.7,Poor,2,2,No
1407,5.4,75.37,60.9,0,45.7,65.5,Poor,2,3,Yes
1668,6.96,74.58,75.88,2,67.3,68.4,Good,3,0,No
1219,8.08,82.48,73.32,2,64.7,67.5,Good,2,0,Yes
1917,7.31,80.92,71.3,2,77.5,73.8,Good,3,2,Yes
1227,7.22,70.94,76.97,1,60.0,62.7,Excellent,2,1,No
1486,6.95,75.37,76.25,3,85.0,72.1,Average,2,3,Yes
1195,8.48,79.13,73.32,2,64.7,74.9,Excellent,2,0,Yes
1280,7.51,90.3,80.8,1,64.7,78.8,Excellent,4,1,Yes
1535,7.83,75.37,71.09,1,74.0,90.0,Average,3,0,Yes
1956,5.93,90.0,70.62,0,80.2,64.2,Poor,3,1,No
1585,8.21,89.31,87.53,3,75.8,98.1,Excellent,4,0,Yes
1712,7.025,93.49,86.96,2,90.4,90.6,Excellent,4,0,Yes
1511,6.53,70.54,78.25,2,56.8,54.8,Poor,0,1,Yes
1446,7.36,75.37,73.86,2,74.9,77.3,Average,2,0,Yes
1156,7.0,79.46,65.86,2,64.3,52.3,Good,2,1,No
1342,6.96,71.21,69.65,1,51.3,71.3,Good,3,1,No
1987,6.39,61.28,59.69,0,42.8,42.9,Good,0,3,Yes
1666,6.61,70.73,68.91,1,50.0,62.8,Average,0,3,No
1885,8.07,83.52,78.2,2,82.7,72.9,Good,2,2,No
1937,8.13,86.69,91.53,2,69.5,87.3,Excellent,2,0,Yes
1259,7.025,73.71,71.21,1,59.5,52.7,Good,0,0,No
1706,7.025,86.8,76.91,2,81.3,77.3,Good,3,1,Yes
1986,8.38,75.37,77.9,2,64.7,79.5,Excellent,2,0,Yes
1979,8.44,75.37,87.48,4,86.4,96.2,Excellent,4,0,Yes
1796,8.3,74.09,81.32,1,75.7,77.9,Excellent,2,0,Yes
1819,7.51,75.37,81.62,2,85.0,67.9,Good,3,1,Yes
1178,6.52,76.6,70.5,1,65.2,42.5,Good,0,2,No
1456,7.47,75.19,77.42,1,66.3,71.0,Excellent,4,0,Yes
1866,6.83,79.73,73.32,2,83.2,74.8,Average,5,0,Yes
1002,6.7,69.86,73.32,2,64.7,64.0,Average,3,0,Yes
1134,7.025,73.85,84.54,2,81.1,95.1,Excellent,3,1,Yes
1044,5.71,60.37,73.32,0,40.9,45.2,Poor,0,3,No
1123,7.3,84.11,77.18,1,81.5,69.1,Excellent,3,1,Yes
1470,6.01,72.54,71.58,2,63.8,48.7,Good,2,3,Yes
1577,6.96,75.37,73.46,0,66.9,68.8,Average,2,2,No
1272,6.14,69.47,77.36,0,51.6,44.7,Average,0,2,No
1692,7.025,75.37,73.32,2,65.9,70.4,Average,2,2,Yes
1756,7.025,71.41,64.54,0,48.7,65.5,Average,3,2,No
1163,9.29,92.64,96.59875,3,95.1,94.1,Excellent,6,0,Yes
1085,8.22,78.63,82.52,1,75.5,66.8,Excellent,2,2,Yes
1953,6.55,71.49,66.34,2,42.7,43.5,Poor,0,2,Yes
1801,7.025,69.03,71.26,1,39.3,68.9,Average,4,2,No
1432,6.91,68.45,70.96,0,71.0,65.2,Good,2,2,No
1033,8.5,54.01,53.06,0,64.7,39.0,Poor,0,5,No
1621,6.93,67.09,79.64,2,83.0,65.5,Good,3,3,Yes
1189,6.82,71.97,81.56,1,56.7,62.7,Good,3,1,Yes
1175,7.025,56.5,51.98,0,57.5,49.3,Average,0,4,Yes
1141,8.17,80.82,87.46,3,84.9,93.9,Excellent,2,0,No
1914,6.82,78.56,59.47,1,63.4,53.3,Average,0,4,No
1533,6.82,73.72,70.19,0,64.5,66.0,Good,1,2,Yes
1467,7.42,68.7,73.32,1,56.8,73.3,Good,2,2,No
1049,6.5,81.53,72.02,0,58.2,54.1,Average,1,2,No
1614,5.04,65.2,55.35,0,38.1,44.1,Average,0,3,No
1726,7.46,77.64,68.62,0,75.5,62.1,Average,2,1,Yes
1815,8.05,86.05,93.8,1,85.1,88.8,Excellent,3,0,Yes
1297,7.025,77.54,79.12,2,85.0,64.7,Excellent,2,1,Yes
1351,5.83,64.09,55.95,0,51.3,35.9,Poor,0,5,No
1124,7.02,74.49,76.95,1,63.8,65.5,Average,2,3,No
1179,5.98,75.37,62.27,0,51.2,48.3,Average,1,1,Yes
1095,7.33,85.98,73.32,2,90.3,85.2,Excellent,5,1,Yes
1201,7.99,80.77,78.21,1,70.2,63.4,Good,1,2,No
1994,6.64,61.97,60.54,0,47.9,47.1,Average,0,1,Yes
1964,5.62,62.25,63.89,0,58.2,57.7,Poor,2,3,Yes
1655,5.93,70.45,58.66,1,43.9,57.1,Average,0,2,Yes
1970,7.63,79.51,73.32,1,61.3,61.0,Good,1,0,Yes
1709,5.55,75.37,69.55,1,43.5,39.6,Poor,2,2,No
1571,7.23,75.37,80.1,3,78.2,84.7,Excellent,2,1,Yes
1262,6.18,72.23,77.43,1,62.0,69.5,Good,1,1,Yes
1072,8.28,77.71,84.98,2,74.2,90.6,Excellent,1,1,Yes
1611,7.57,71.0,73.07,2,82.7,72.4,Good,1,0,Yes
1360,7.02,67.81,68.07,3,55.9,65.5,Poor,3,3,No
1858,8.32,85.96,84.6,3,85.0,90.8,Excellent,2,0,Yes
1478,7.3,87.78,80.73,3,78.5,91.7,Excellent,5,0,Yes
1880,7.41,80.33,80.51,1,70.1,65.5,Good,2,3,No
1288,8.6,85.69,87.02,1,75.5,76.3,Excellent,5,0,Yes
1184,7.025,62.34,70.46,0,46.1,59.7,Poor,2,3,No
1159,6.02,61.8,60.27,0,44.4,50.6,Poor,1,3,Yes
1710,6.22,79.69,59.46,1,64.9,58.5,Good,1,2,No
1644,7.01,78.73,81.46,1,71.7,74.9,Excellent,3,1,Yes
1099,6.82,75.48,71.43,0,46.7,56.5,Good,0,2,Yes
1190,8.22,77.61,86.25,2,100.0,82.7,Excellent,3,0,Yes
1628,6.9,65.77,72.15,0,58.9,72.6,Average,2,1,No
1528,7.83,72.97,73.32,1,86.0,93.1,Good,4,1,Yes
1561,9.03,75.71,86.85,2,94.0,89.1,Average,4,1,Yes
1771,7.025,75.37,84.0,3,83.4,73.1,Good,4,1,Yes
1841,5.96,57.91,65.12,0,50.9,58.5,Excellent,1,5,No
1026,6.21,78.97,68.75,1,59.2,64.0,Excellent,3,0,Yes
1481,6.44,75.48,73.32,0,66.6,50.3,Average,0,2,No
1221,8.39,93.02,79.25,3,71.7,90.9,Excellent,4,1,Yes
1718,7.36,76.36,75.82,1,66.6,69.4,Average,2,1,Yes
1946,9.505,89.39,90.88,3,100.0,93.4,Excellent,2,0,Yes
1493,6.23,81.16,62.95,3,58.7,54.2,Average,2,1,No
1978,6.0,57.52,72.26,0,43.3,57.1,Good,2,2,Yes
1474,6.81,76.29,77.89,1,64.7,65.8,Good,0,0,No
1734,7.36,69.31,72.53,1,63.9,75.0,Average,2,2,Yes
1524,7.11,73.98,63.41,1,64.2,58.4,Average,1,1,No
1728,7.025,83.92,80.0,2,76.9,86.8,Excellent,3,1,Yes
1400,5.46,72.46,63.35,0,41.1,72.8,Poor,1,3,No
1538,7.38,81.42,67.82,0,56.4,60.0,Good,0,1,Yes
1113,7.84,73.02,80.83,1,63.8,65.3,Good,3,1,No
1387,5.0,54.1,49.96875,0,36.2,35.9,Poor,2,3,Yes
1091,7.57,75.37,68.24,2,68.9,86.1,Excellent,4,0,Yes
1476,7.47,76.86,80.0,1,65.2,81.5,Good,0,1,Yes
1149,7.025,68.16,64.42,0,57.9,60.7,Average,0,3,No
1276,5.59,60.61,61.4,0,30.0,52.8,Poor,3,4,Yes
1713,6.58,64.67,68.01,0,39.2,52.6,Good,3,2,No
1570,9.22,82.83,90.41,2,79.5,99.7,Excellent,2,0,Yes
1008,6.33,65.37,73.32,1,52.4,60.0,Average,0,1,No
1197,9.0,64.76,63.37,0,63.1,54.0,Average,2,3,Yes
1413,7.5,72.22,73.32,1,61.9,78.7,Good,1,2,No
1137,7.87,89.52,80.19,1,84.3,72.2,Excellent,5,0,Yes
1960,8.36,94.23,85.76,1,85.5,97.4,Excellent,6,0,Yes
1698,7.45,78.82,77.0,3,69.4,65.5,Good,4,1,Yes
1325,7.15,79.22,68.47,0,65.3,65.5,Excellent,2,3,No
1079,5.82,70.21,66.94,1,58.7,76.1,Average,2,1,No
1055,8.79,80.88,73.32,3,86.9,78.0,Excellent,4,0,Yes
1463,6.42,68.04,69.21,0,56.9,59.0,Poor,1,2,Yes
1329,6.68,70.83,64.28,1,62.3,53.2,Poor,2,1,No
1286,8.5,78.1,72.2,1,69.9,59.1,Good,3,2,Yes
1142,6.36,80.74,60.93,0,60.3,90.0,Average,0,0,Yes
1369,8.34,80.34,82.79,3,81.7,77.5,Excellent,2,2,Yes
1776,6.04,67.61,58.85,0,43.4,65.5,Poor,1,4,No
1251,9.0,71.14,75.8,1,72.0,70.2,Excellent,2,2,Yes
1155,9.19,87.22,85.44,3,96.3,100.0,Excellent,5,1,Yes
1554,7.27,81.03,82.1,2,82.1,67.7,Excellent,4,1,Yes
1212,5.64,68.25,65.91,3,64.7,55.9,Average,0,3,No
1920,5.0,68.3,53.78,1,52.5,65.5,Poor,0,1,Yes
1830,6.27,69.15,72.04,0,55.0,58.6,Poor,1,1,No
1386,7.67,78.94,78.1,2,56.4,60.5,Good,2,0,Yes
1778,5.76,76.39,62.45,0,64.7,55.4,Average,0,3,No
1307,7.83,75.6,83.29,1,56.7,64.8,Excellent,4,0,Yes
1255,6.44,72.72,67.52,0,85.0,61.9,Good,2,1,No
1600,5.62,69.22,62.96,0,57.8,50.1,Poor,2,2,Yes
1697,7.47,73.47,72.76,0,60.3,59.0,Average,3,3,Yes
1602,6.16,72.64,61.4,1,39.0,42.8,Good,0,3,No
1497,7.025,85.2,81.53,4,64.7,65.5,Average,5,0,Yes
1630,8.21,80.0,90.6,1,71.2,78.4,Excellent,1,0,Yes
1445,7.42,72.15,68.39,2,68.7,59.2,Excellent,2,1,No
1266,8.41,82.24,82.73,1,87.0,85.4,Excellent,3,1,Yes
1721,5.68,62.5,60.52,0,58.2,45.1,Good,0,3,No
1750,6.92,75.37,71.7,0,70.2,65.4,Poor,2,1,No
1517,6.32,60.93,69.35,1,58.4,43.6,Poor,1,3,Yes
1208,8.89,70.19,85.5,2,76.1,75.7,Excellent,4,1,Yes
1010,5.83,69.13,75.84,0,64.7,45.7,Poor,0,3,Yes
1624,8.94,87.3,88.25,2,100.0,96.5,Excellent,2,0,Yes
1424,7.025,60.27,61.2,0,44.8,44.2,Poor,0,3,Yes
1062,7.025,66.98,71.43,0,37.6,43.5,Poor,2,2,No
1378,5.0,58.19,51.71,0,30.0,65.5,Excellent,0,5,Yes
1762,6.82,73.38,65.07,0,49.6,65.6,Average,0,3,No
1507,7.07,71.16,70.36,1,63.7,54.0,Average,2,0,No
1972,5.6,75.08,68.63,0,39.8,46.2,Poor,1,3,Yes
1741,5.28,65.27,64.44,0,30.0,52.1,Excellent,0,1,No
1990,7.025,62.27,61.93,0,41.6,47.9,Excellent,0,3,Yes
1471,7.25,79.97,79.85,3,74.8,76.3,Excellent,5,2,No
1674,6.7,75.39,69.77,2,74.0,74.4,Average,1,3,No
1077,6.57,73.83,72.87,4,64.7,54.9,Excellent,2,3,Yes
1353,8.98,75.37,91.79,3,76.0,91.9,Excellent,5,1,Yes
1557,6.58,79.13,75.55,2,51.5,50.6,Good,0,4,No
1840,5.0,55.85,50.14,0,30.0,47.1,Poor,0,5,Yes
1256,6.87,75.58,68.81,1,70.1,60.7,Excellent,4,1,Yes
1444,5.0,63.83,55.28,1,49.2,33.2,Poor,0,4,Yes
1323,8.09,88.61,82.03,3,82.3,65.5,Average,5,0,Yes
1115,6.36,66.92,73.32,0,59.3,47.4,Poor,3,2,Yes
1106,7.18,79.27,71.76,1,75.9,75.7,Excellent,2,1,Yes
1804,5.0,53.72624999999999,51.08,0,64.7,45.2,Poor,0,4,No
1375,5.0,53.72624999999999,59.99,0,64.7,30.6,Poor,0,4,Yes
1534,8.5,87.6,88.78,2,73.0,79.7,Average,3,0,Yes
1116,8.02,67.92,85.48,2,64.7,64.1,Excellent,3,1,Yes
1890,7.68,86.42,80.48,1,78.2,79.6,Good,3,0,Yes
1942,8.44,87.89,77.92,1,81.0,90.1,Excellent,5,0,Yes
1835,6.29,63.77,73.32,0,40.4,58.5,Poor,1,2,Yes
1897,7.42,79.58,85.02,3,83.4,91.2,Excellent,3,1,Yes
1773,7.025,78.85,76.7,0,60.7,66.6,Good,2,2,No
1331,7.75,85.21,83.21,2,64.7,81.8,Excellent,3,0,Yes
1150,7.06,77.38,84.34,1,68.6,72.7,Good,4,0,Yes
1545,7.14,75.37,68.57,1,64.7,60.9,Excellent,2,3,No
1305,7.025,68.1,73.32,0,49.3,35.9,Poor,0,3,Yes
1795,5.99,61.04,62.06,0,47.3,54.2,Poor,2,3,No
1675,6.89,78.54,74.59,2,80.2,79.4,Good,3,2,Yes
1364,9.46,97.09625,88.84,3,96.9,65.5,Excellent,5,0,Yes
1365,7.15,77.03,72.81,1,77.6,74.2,Excellent,1,1,Yes
1690,7.47,81.54,73.38,2,63.9,65.5,Good,2,0,Yes
1235,7.9,82.66,80.15,3,76.4,86.8,Good,3,1,Yes
1874,8.5,88.66,81.7,3,97.5,90.1,Excellent,5,0,Yes
1769,7.025,97.09625,92.08,4,100.0,97.9,Excellent,4,0,Yes
1098,5.44,67.23,58.18,0,49.5,45.6,Average,1,2,No
1373,7.53,74.36,66.52,1,75.4,67.2,Average,5,1,Yes
1265,6.67,73.51,70.34,1,70.6,67.3,Average,3,1,Yes
1991,5.95,64.22,59.01,0,43.5,31.4,Good,1,4,No
1767,8.43,77.12,94.26,3,80.6,90.1,Excellent,4,1,Yes
1591,6.92,80.6,72.77,2,73.7,65.5,Poor,2,2,No
1289,5.85,75.37,68.68,0,42.2,43.1,Poor,1,1,No
1415,7.22,77.66,90.96,2,68.2,75.4,Poor,3,0,Yes
1194,6.77,82.43,78.47,2,71.9,65.5,Excellent,3,0,Yes
1066,6.56,78.02,61.77,1,64.6,52.6,Excellent,1,3,Yes
1477,8.01,77.47,73.68,2,91.4,84.9,Excellent,3,1,Yes
1694,7.08,77.37,73.32,4,69.9,76.7,Excellent,6,1,Yes
1332,7.025,87.96,84.33,3,73.9,65.5,Excellent,5,1,Yes
1661,7.025,72.56,58.79,1,59.8,90.0,Poor,2,2,No
1808,7.97,89.59,90.35,4,78.4,90.0,Excellent,5,0,Yes
1711,6.53,74.4,78.56,0,69.3,75.8,Poor,1,3,No
1933,8.5,77.49,72.88,1,59.6,68.4,Average,3,2,No
1174,7.04,76.73,73.32,1,71.1,56.9,Good,3,1,Yes
1609,5.79,74.18,59.41,1,56.8,56.7,Poor,1,2,No
1114,5.44,70.05,61.95,0,36.7,40.4,Poor,0,3,Yes
1494,7.83,79.59,73.9,4,64.7,65.5,Average,3,0,Yes
1543,7.43,73.54,79.6,2,62.3,78.4,Good,2,3,No
1948,6.89,71.56,66.92,0,46.2,72.3,Average,1,2,Yes
1673,5.47,75.37,73.32,2,43.2,33.1,Poor,0,4,No
1826,7.12,80.0,66.79,1,64.7,75.6,Good,4,0,Yes
1665,9.0,71.15,76.82,1,45.7,57.4,Good,2,1,No
1428,5.0,60.41,62.76,0,35.7,30.0,Excellent,0,1,No
1859,5.5,65.91,80.0,0,55.1,46.7,Average,2,3,No
1818,8.93,92.32,91.38,4,100.0,65.5,Excellent,4,0,Yes
1244,5.0,62.15,59.4,0,43.8,60.6,Poor,1,4,No
1191,6.66,70.45,66.95,0,43.7,64.4,Average,2,3,No
1780,7.36,87.04,66.32,1,51.2,64.1,Average,2,1,No
1977,6.68,68.25,63.11,0,46.1,58.3,Poor,2,1,No
1367,7.62,73.44,75.82,1,74.5,65.5,Average,2,1,Yes
1680,5.0,53.72624999999999,55.86,0,30.0,30.0,Poor,0,3,Yes
1277,6.91,79.18,74.58,0,64.7,57.1,Average,3,2,No
1693,8.27,96.6,83.67,4,89.0,77.2,Excellent,4,2,Yes
1755,7.46,76.98,69.15,2,67.0,65.9,Average,3,1,No
1982,7.75,82.17,83.14,2,72.6,72.7,Poor,3,1,No
1829,6.94,73.88,79.89,1,78.8,60.7,Good,4,2,No
1160,9.505,89.86,96.59875,2,100.0,100.0,Excellent,7,0,Yes
1061,5.82,65.1,90.0,0,39.2,51.6,Good,2,4,No
1798,7.73,84.72,73.32,3,79.7,81.8,Good,4,1,Yes
1139,6.33,71.41,70.02,1,53.7,59.8,Poor,1,1,Yes
1622,7.67,90.0,82.21,2,70.3,81.0,Excellent,3,1,Yes
1566,7.05,78.66,85.59,4,73.7,73.7,Good,1,1,Yes
1707,5.45,75.37,57.82,0,40.8,55.8,Poor,0,4,No
1725,7.05,71.56,75.15,2,74.8,64.0,Average,3,2,No
1903,7.42,75.61,74.76,1,67.9,56.5,Average,2,2,Yes
1608,5.0,53.72624999999999,52.11,0,64.7,30.0,Poor,0,6,Yes
1074,7.35,70.73,64.7,0,59.1,45.3,Poor,0,0,Yes
1506,5.82,65.54,65.47,1,42.9,41.1,Poor,1,3,No
1464,6.92,82.45,74.31,0,57.3,65.3,Average,1,2,No
1961,9.505,97.09625,96.59875,3,100.0,100.0,Excellent,6,0,Yes
1782,8.5,78.42,79.64,4,68.9,92.0,Excellent,4,0,Yes
1929,7.025,68.5,72.04,2,50.7,48.9,Poor,2,1,No
1058,5.99,75.37,70.17,1,49.9,52.9,Poor,3,2,No
1425,7.43,67.89,76.88,1,72.5,77.1,Good,2,1,Yes
1522,7.21,77.95,67.6,1,80.7,63.3,Good,0,2,Yes
1758,7.17,78.64,71.19,1,64.4,70.5,Average,2,2,Yes
1080,7.87,83.04,74.24,1,74.3,67.8,Average,2,0,Yes
1833,6.58,70.0,73.32,0,51.1,39.8,Average,2,3,No
1981,6.84,71.79,70.65,1,62.9,61.2,Good,2,1,No
1228,7.71,82.21,84.55,1,60.4,72.0,Good,4,1,Yes
1121,7.025,75.15,66.06,1,56.7,49.2,Average,0,3,No
1565,6.52,64.02,61.59,0,57.1,52.9,Average,1,3,No
1082,7.84,79.8,80.0,1,86.4,82.4,Average,4,0,Yes
1573,6.24,63.94,68.13,0,55.8,59.9,Poor,5,3,No
1848,6.22,75.37,65.17,0,47.7,46.6,Poor,1,3,No
1357,5.3,75.37,64.07,0,51.8,44.4,Poor,0,3,No
1876,8.82,83.82,78.26,3,88.9,80.0,Excellent,3,0,Yes
1484,5.81,66.57,71.01,0,38.9,39.3,Poor,1,4,Yes
1005,7.68,68.9,65.5,1,72.6,65.5,Average,3,3,Yes
1790,7.41,75.37,73.32,1,64.7,65.5,Excellent,2,2,Yes
1732,5.65,69.75,51.63,0,31.2,53.7,Excellent,2,3,No
1249,6.24,61.62,61.06,0,60.9,66.6,Average,2,2,No
1392,6.93,82.99,77.87,1,74.8,75.9,Excellent,2,0,No
1395,5.44,61.65,67.06,1,53.1,65.5,Poor,2,3,Yes
1185,6.82,78.07,70.27,0,61.3,77.6,Average,3,2,No
1009,6.83,71.64,69.76,0,45.7,72.1,Average,5,2,No
1768,8.17,87.87,79.9,1,83.9,67.8,Good,2,1,Yes
1701,7.07,76.45,79.23,1,74.8,78.7,Average,3,2,Yes
1639,8.61,88.84,79.01,4,92.3,65.5,Excellent,5,1,Yes
1210,7.13,75.37,77.57,2,70.1,71.6,Excellent,2,2,Yes
1681,7.025,94.07,92.28,3,89.4,90.0,Excellent,3,0,Yes
1708,6.89,67.72,67.46,0,64.7,65.5,Excellent,1,2,Yes
1907,8.69,76.29,82.13,3,100.0,99.4,Excellent,4,1,Yes
1245,7.15,75.37,73.38,1,64.9,57.4,Good,3,3,Yes
1336,7.66,79.23,79.02,2,76.9,75.2,Good,2,2,No
1523,6.74,67.68,67.18,0,85.0,60.6,Poor,1,1,Yes
1541,7.025,75.37,73.32,0,62.6,67.3,Poor,3,1,No
1022,7.02,82.89,81.36,2,64.7,80.4,Good,5,0,Yes
1200,8.29,71.29,78.23,2,58.5,62.8,Average,1,0,Yes
1717,9.505,75.37,86.17,4,99.7,93.1,Excellent,5,0,Yes
1686,7.36,78.06,70.7,1,82.2,78.1,Average,1,2,No
1298,8.43,86.38,75.36,3,92.0,91.3,Good,6,0,Yes
1473,7.87,80.29,84.91,3,75.1,69.2,Good,5,0,Yes
1911,6.45,75.37,73.73,0,59.5,49.6,Good,1,1,No
1482,8.97,87.87,88.97,4,64.7,75.8,Good,3,0,Yes
1627,7.1,76.38,71.91,1,65.4,73.9,Excellent,3,1,Yes
1887,5.0,54.01,49.96875,0,30.9,42.4,Poor,0,5,Yes
1905,5.9,76.93,74.28,0,61.8,53.8,Good,2,3,Yes
1664,6.73,70.1,74.03,2,64.7,63.6,Average,2,3,Yes
1985,7.41,76.53,70.44,1,47.4,63.8,Good,3,2,No
1940,6.83,75.37,76.89,1,60.5,65.0,Good,2,0,Yes
1865,6.5,70.52,74.76,1,55.5,57.6,Good,2,2,Yes
1856,7.42,86.76,73.32,0,72.1,83.5,Good,2,1,Yes
1881,7.025,78.55,81.61,1,66.6,65.5,Poor,2,0,No
1823,7.1,78.18,74.53,2,72.4,70.4,Average,1,1,Yes
1847,7.13,73.61,76.91,1,64.7,70.4,Excellent,1,1,No
1170,6.32,70.06,69.67,0,40.2,41.8,Average,0,4,No
1397,8.03,80.08,84.61,3,76.8,84.0,Excellent,5,1,Yes
1648,5.44,58.82,59.04,0,45.9,37.6,Poor,0,4,Yes
1875,7.75,80.4,83.15,2,84.4,71.3,Good,4,1,Yes
1441,7.59,86.02,67.31,1,64.7,59.7,Average,5,0,No
1399,5.74,62.43,60.92,0,38.2,42.1,Excellent,0,2,Yes
1480,8.81,75.37,90.0,3,80.5,100.0,Excellent,5,1,Yes
1429,6.05,66.31,56.08,0,58.7,52.2,Average,2,3,No
1696,7.11,85.0,77.44,1,69.8,69.9,Good,2,0,No
1459,7.025,60.8,63.66,0,59.7,56.5,Average,1,2,Yes
1556,7.98,83.05,77.75,3,64.7,84.2,Good,2,1,Yes
1572,7.16,90.0,71.86,1,64.7,67.4,Average,1,2,No
1253,7.025,76.26,76.11,1,61.2,67.5,Average,1,1,No
1143,7.025,80.22,76.16,1,62.8,63.2,Average,2,1,No
1234,6.49,67.01,70.43,0,57.7,56.8,Average,2,1,No
1700,7.025,84.61,72.39,0,60.2,76.7,Excellent,3,0,Yes
1747,7.59,69.06,67.73,1,74.6,59.8,Excellent,3,2,No
1038,7.025,90.4,79.12,2,80.5,67.7,Excellent,5,0,Yes
1902,7.37,86.34,73.32,1,56.0,70.7,Excellent,5,0,Yes
1757,5.72,66.88,65.85,0,85.0,65.5,Good,0,5,No
1640,6.89,75.05,73.32,2,65.9,85.5,Good,2,0,Yes
1637,7.6,82.94,81.31,1,64.7,76.2,Average,3,1,Yes
1460,5.0,68.81,49.98,0,49.8,31.4,Average,0,3,No
1322,6.79,72.37,83.72,1,55.3,52.6,Poor,1,2,Yes
1186,8.04,74.56,67.05,1,65.7,60.3,Poor,1,2,No
1065,8.91,87.37,91.34,3,98.4,75.9,Excellent,2,0,Yes
1845,7.53,74.83,70.36,1,68.3,76.4,Good,2,0,Yes
1792,7.11,83.1,78.29,2,77.4,76.7,Average,3,0,Yes
1678,6.52,75.37,69.56,0,52.0,61.7,Average,1,3,Yes
1171,6.83,67.98,68.8,2,44.7,65.5,Poor,2,2,Yes
1816,8.43,81.72,87.52,1,83.5,91.4,Good,5,0,Yes
1996,7.81,73.93,71.8,1,70.8,58.6,Excellent,1,1,No
1882,8.66,86.77,73.32,1,96.1,89.3,Excellent,3,1,Yes
1766,7.78,75.37,82.39,2,77.6,77.8,Average,5,1,No
1939,8.48,91.57,80.0,3,87.4,100.0,Excellent,2,0,Yes
1926,6.0,75.37,60.21,0,63.4,60.0,Good,2,2,Yes
1202,5.07,59.93,80.0,0,64.7,65.5,Excellent,0,5,No
1043,6.3,71.41,57.83,1,75.2,52.1,Good,2,0,Yes
1672,6.31,68.13,70.32,1,44.7,48.2,Average,2,2,No
1597,6.41,66.11,59.41,0,47.5,52.4,Average,1,0,No
1089,7.025,75.67,63.61,1,63.1,60.8,Poor,0,3,No
1107,8.06,85.95,76.8,1,64.7,89.4,Excellent,4,1,Yes
1824,5.83,76.55,64.34,1,45.1,56.9,Good,1,3,No
1849,7.86,73.11,86.36,2,67.3,81.4,Excellent,4,3,Yes
1368,8.14,91.87,88.51,2,79.5,94.7,Excellent,6,1,Yes
1180,7.025,70.16,78.87,0,64.7,48.9,Good,0,1,Yes
1851,7.47,75.63,73.18,1,75.7,72.2,Excellent,1,1,Yes
1671,7.87,78.26,78.76,1,59.7,77.6,Good,1,0,Yes
1260,8.89,91.2,76.08,2,72.7,85.8,Excellent,4,0,Yes
1653,6.57,85.86,75.99,1,76.5,77.8,Good,1,4,No
1555,7.84,76.38,71.14,1,56.7,64.3,Excellent,2,1,Yes
1975,8.18,81.43,89.04,1,77.5,77.7,Average,5,2,Yes
1129,5.75,63.82,62.87,0,49.1,41.1,Poor,1,5,No
1359,5.69,63.41,66.48,1,64.0,70.1,Poor,2,2,No
1868,7.52,80.77,76.92,3,72.5,65.5,Excellent,2,1,No
1206,8.17,79.75,73.32,2,66.4,78.6,Good,5,4,Yes
1112,5.9,66.54,61.94,1,56.6,36.2,Excellent,4,2,Yes
1225,6.29,71.19,67.21,1,64.7,65.5,Average,1,0,No
1537,7.28,80.93,75.65,1,73.8,75.0,Good,6,2,No
1070,7.89,80.6,75.54,2,82.9,84.6,Average,3,2,Yes
1510,6.33,75.37,74.53,1,62.8,67.4,Good,2,3,No
1388,7.51,70.95,78.51,1,63.7,55.9,Average,3,0,No
1590,8.13,85.96,81.28,2,80.7,74.8,Excellent,4,1,Yes
1945,6.19,64.34,62.52,2,46.2,62.3,Poor,0,5,No
1589,7.5,84.63,73.32,3,81.4,79.4,Good,3,1,Yes
1110,8.24,95.2,89.37,1,95.5,93.8,Excellent,6,1,Yes
1216,6.55,78.94,74.56,0,75.9,65.4,Average,3,2,No
1108,7.73,81.45,75.56,1,64.7,65.5,Average,1,0,No
1283,7.51,71.84,72.78,1,70.2,78.1,Excellent,2,0,Yes
1619,7.05,72.06,81.73,1,63.5,66.2,Good,2,0,Yes
1568,7.02,86.17,80.84,0,78.6,62.6,Excellent,3,1,Yes
1888,6.37,70.11,73.32,1,64.7,55.6,Poor,4,1,No
1652,7.13,81.36,81.48,2,62.5,68.2,Excellent,0,1,Yes
1850,7.025,84.2,77.19,1,64.7,68.3,Excellent,4,1,Yes
1587,7.66,74.99,72.44,1,45.7,53.7,Good,3,2,Yes
1772,7.31,69.44,73.32,0,64.2,55.3,Average,3,1,Yes
1412,6.7,69.06,73.83,1,58.6,60.0,Good,0,1,No
1938,7.45,89.62,73.32,2,82.6,72.4,Excellent,2,1,Yes
1290,5.78,62.4,73.32,0,50.4,40.9,Average,2,4,No
1509,5.7,90.0,64.38,1,62.2,70.2,Average,2,1,No
1746,6.67,67.95,67.24,1,67.1,65.6,Average,0,0,No
1317,8.53,75.37,73.32,2,99.6,88.3,Excellent,5,0,Yes
1646,6.75,68.78,73.73,1,56.4,76.9,Average,2,0,No
1238,6.23,80.46,65.36,0,63.1,60.1,Excellent,3,3,No
1727,7.49,78.99,79.11,1,67.6,62.4,Excellent,2,2,No
1998,5.35,53.72624999999999,62.97,0,49.7,44.6,Poor,1,4,No
1452,6.78,79.11,73.06,1,77.1,74.6,Good,2,0,Yes
1936,5.0,60.7,57.26,0,37.5,43.9,Poor,0,1,No
1264,5.51,70.91,57.29,1,49.3,55.2,Average,0,3,No
1328,5.86,69.01,60.29,0,52.7,70.4,Average,2,1,No
1519,8.51,75.37,79.32,0,79.3,69.2,Excellent,4,0,Yes
1532,6.27,66.35,68.78,0,65.6,54.2,Average,1,4,No
1215,7.025,71.66,64.12,0,54.0,44.9,Poor,0,2,No
1941,5.37,65.49,56.24,1,33.8,30.0,Average,0,4,No
1036,6.68,74.67,65.89,1,40.6,76.5,Average,2,1,Yes
1057,7.43,86.77,81.09,1,69.8,73.2,Excellent,3,0,Yes
1688,7.18,70.09,73.32,1,72.4,75.7,Average,1,0,Yes
1966,7.025,72.54,62.84,0,56.1,52.8,Poor,1,2,No
1073,7.025,60.61,73.32,0,49.0,55.2,Average,1,3,No
1027,7.39,81.76,76.1,2,70.4,78.1,Average,3,1,No
1042,5.77,60.01,58.2,1,38.1,46.4,Good,1,2,No
1014,5.39,62.34,56.15,0,44.0,32.9,Poor,0,4,No
1751,8.12,83.71,81.94,1,78.1,82.7,Excellent,4,1,Yes
1479,6.42,71.57,72.42,0,53.7,65.4,Good,0,3,No
1807,7.74,78.13,87.51,3,74.7,72.6,Excellent,2,1,Yes
1623,7.45,72.96,74.47,0,55.1,68.5,Good,1,0,No
1895,5.81,63.85,61.06,0,48.6,54.4,Poor,1,2,Yes
1126,7.025,66.03,69.87,0,49.9,64.9,Good,2,3,No
1396,9.505,75.37,95.2,1,82.7,74.4,Excellent,2,0,Yes
1301,8.19,81.42,73.32,2,69.8,84.9,Excellent,4,1,Yes
1093,5.68,65.26,57.76,0,43.4,48.0,Poor,0,3,No
1870,6.36,73.51,67.48,1,46.2,65.5,Average,1,4,No
1015,7.59,82.96,72.74,1,72.7,79.2,Excellent,2,0,Yes
1314,6.3,59.85,73.32,1,55.6,67.3,Good,2,3,Yes
1053,7.04,78.59,78.13,1,57.3,66.5,Poor,3,1,No
1529,7.32,71.51,67.5,1,76.8,57.3,Poor,2,2,No
1578,6.63,74.45,69.65,0,52.9,53.3,Average,2,2,No
1703,9.01,89.1,89.44,2,95.2,95.3,Good,5,1,Yes
1050,6.28,70.53,64.67,0,61.3,52.7,Poor,2,1,Yes
1521,5.78,62.86,57.46,0,41.7,30.1,Poor,2,3,Yes
1797,8.78,84.57,90.0,1,75.8,79.3,Excellent,3,0,Yes
1922,7.025,88.89,78.75,0,68.1,58.9,Average,0,0,Yes
1279,8.52,85.0,93.06,3,80.1,90.2,Excellent,5,0,Yes
1324,8.69,81.53,75.66,3,85.8,89.2,Excellent,5,1,Yes
1131,7.025,69.48,71.45,0,45.7,59.9,Poor,0,2,Yes
1430,9.0,73.08,74.76,1,89.2,71.8,Good,2,3,No
1954,7.025,79.16,75.44,1,78.6,76.2,Excellent,5,0,Yes
1433,6.49,65.56,67.94,0,50.1,50.7,Poor,0,3,No
1181,6.23,61.87,73.32,0,64.7,51.7,Poor,0,3,Yes
1821,6.32,71.2,74.19,1,48.0,65.9,Average,2,1,Yes
1950,6.43,77.91,68.03,0,55.9,45.3,Average,3,2,No
1097,5.02,60.07,50.64,0,30.0,46.8,Poor,0,4,Yes
1218,6.82,71.66,77.46,0,90.1,74.1,Good,2,3,No
1339,7.49,86.5,73.14,1,64.2,77.5,Average,1,1,Yes
1165,6.07,75.37,69.75,0,39.4,41.7,Poor,1,3,No
1871,5.44,59.9,51.58,0,50.0,39.5,Good,1,1,Yes
1060,7.025,78.46,80.6,1,72.8,85.4,Excellent,4,1,Yes
1128,6.93,75.88,76.37,1,73.7,64.2,Excellent,2,2,Yes
1547,7.25,80.56,69.8,2,73.2,65.5,Excellent,4,2,Yes
1440,7.99,83.38,78.06,1,79.1,67.6,Excellent,3,0,Yes
1530,6.52,72.44,68.6,1,52.9,65.5,Average,3,2,No
1363,6.43,81.8,70.13,1,65.4,66.6,Average,2,1,No
1774,7.72,69.43,69.64,2,52.7,60.1,Good,4,3,Yes
1052,6.89,85.09,76.67,1,64.4,65.5,Good,0,0,Yes
1677,6.76,77.96,80.84,2,69.3,60.6,Average,1,1,No
1736,7.26,81.8,82.35,1,66.0,68.0,Average,5,0,Yes
1247,5.78,74.97,63.37,1,49.7,59.0,Poor,0,4,No
1765,6.43,66.74,69.89,0,68.9,62.7,Average,4,1,No
1508,8.14,86.92,85.96,1,75.5,87.1,Excellent,2,1,Yes
1546,5.82,73.44,62.1,0,48.7,58.6,Poor,0,4,No
1670,8.27,80.04,78.87,1,71.6,73.9,Good,4,3,Yes
1916,8.07,79.44,72.51,2,64.7,61.5,Excellent,4,1,Yes
1436,7.42,78.7,77.28,2,85.0,76.7,Poor,3,0,No
1278,6.82,84.54,78.98,0,66.5,55.5,Excellent,2,2,No
1350,7.52,72.51,81.54,2,73.6,65.5,Good,2,2,No
1761,7.48,64.16,66.15,0,40.8,53.7,Good,4,0,No
1605,8.13,92.88,75.55,4,77.5,65.5,Excellent,2,1,Yes
1006,5.55,53.72624999999999,57.39,0,64.7,34.9,Poor,0,3,Yes
1612,5.17,60.1,63.17,0,54.3,43.1,Excellent,0,1,Yes
1744,8.5,71.91,70.33,2,74.2,69.9,Excellent,3,2,Yes
1258,6.07,70.06,73.19,0,58.0,54.7,Excellent,0,2,No
1402,8.58,86.28,87.12,3,90.8,91.4,Excellent,4,0,Yes
1078,8.68,86.35,87.62,3,87.7,86.1,Good,3,0,Yes
1250,7.025,76.08,81.14,2,76.1,62.6,Good,3,3,Yes
1207,6.29,74.41,69.17,0,38.2,38.2,Poor,2,3,Yes
1462,8.88,94.9,79.17,3,93.6,65.5,Excellent,5,0,Yes
1839,6.57,72.2,73.64,1,59.4,57.5,Poor,2,2,Yes
1401,5.71,61.22,73.32,0,64.1,61.4,Excellent,1,3,No
1267,7.65,86.02,73.02,2,82.2,79.4,Good,4,1,Yes
1326,7.025,88.29,90.01,2,64.7,99.3,Good,3,0,Yes
1035,7.025,68.84,73.32,0,50.6,47.1,Average,1,4,No
1490,6.61,66.68,72.09,1,54.9,54.8,Poor,1,3,Yes
1501,7.98,78.61,73.32,2,74.0,66.1,Good,3,0,Yes
1418,5.05,67.19,64.22,0,36.3,46.1,Poor,2,5,No
1604,8.16,75.19,74.63,1,65.8,69.1,Average,3,0,Yes
1199,7.025,83.64,75.27,1,84.6,72.7,Excellent,1,0,Yes
1860,6.05,76.37,61.03,0,66.0,65.0,Good,1,2,Yes
1294,6.76,75.09,77.05,1,57.4,67.8,Average,1,3,No
1825,5.0,53.72624999999999,54.57,0,30.0,90.0,Poor,0,4,No
1503,7.15,72.44,72.85,1,60.5,68.1,Good,2,3,No
1334,6.12,70.77,70.42,1,62.4,60.2,Poor,2,0,No
1878,6.68,79.48,83.0,2,56.7,83.8,Good,4,1,Yes
1676,9.0,70.75,75.84,0,43.9,56.0,Average,1,2,Yes
1416,6.82,70.21,64.12,1,69.1,39.5,Poor,1,3,Yes
1356,9.505,91.7,86.36,3,78.0,65.5,Excellent,6,0,Yes
1003,7.48,81.92,70.45,1,58.5,49.3,Excellent,2,0,No
1714,7.28,73.22,73.32,2,77.3,65.5,Good,2,1,Yes
1645,7.025,75.39,73.47,1,64.7,64.1,Average,3,1,No
1104,7.28,81.86,76.53,2,91.2,74.3,Average,3,0,Yes
1656,7.02,66.14,69.92,2,74.6,62.3,Average,5,1,Yes
1472,7.025,75.37,66.04,1,55.0,42.5,Poor,2,3,No
1495,6.02,67.34,90.0,0,33.8,41.5,Poor,1,3,Yes
1431,5.91,60.39,63.2,0,33.3,65.5,Average,0,1,Yes
1371,6.23,64.62,60.28,0,47.4,52.9,Poor,0,2,No
1385,6.77,75.79,74.93,0,63.1,67.7,Good,2,2,Yes
1918,7.06,76.18,73.31,1,71.8,68.9,Good,1,1,No
1230,8.5,68.53,64.66,0,58.3,38.5,Good,1,1,No
1516,7.025,70.92,78.82,2,56.4,67.3,Good,2,1,Yes
1257,6.92,73.79,62.89,1,59.1,72.2,Good,2,3,No
1793,7.025,72.39,73.32,1,76.0,65.5,Excellent,3,1,Yes
1303,8.1,82.16,88.91,1,92.4,71.3,Good,2,0,Yes
1455,6.09,71.64,69.55,1,52.0,49.2,Good,0,3,Yes
1663,5.46,63.8,51.11,0,64.7,39.3,Poor,0,4,No
1205,7.62,80.32,78.65,2,78.6,85.7,Excellent,4,1,Yes
1018,9.25,88.99,85.73,2,79.2,84.9,Excellent,5,0,Yes
1168,7.03,75.37,67.42,1,56.6,66.8,Excellent,4,3,No
1226,8.19,87.11,74.88,2,74.4,65.5,Excellent,4,0,Yes
1439,9.37,75.37,96.59875,3,97.5,65.5,Excellent,6,0,Yes
1873,5.0,63.55,55.59,0,46.0,41.1,Excellent,1,5,No
1406,5.7,75.37,69.83,0,37.2,57.8,Poor,0,1,No
1438,5.81,90.0,60.17,0,62.4,51.3,Good,2,2,No
1633,8.36,77.1,73.32,3,89.5,70.4,Good,2,0,Yes
1592,6.93,74.35,73.41,1,58.3,68.7,Good,1,2,Yes
1935,8.3,91.8,82.74,2,74.7,97.2,Excellent,4,0,Yes
1777,8.3,78.34,81.28,3,79.4,71.1,Excellent,5,0,Yes
1012,6.78,65.46,69.95,0,64.7,54.9,Excellent,3,1,Yes
1162,5.68,63.14,59.76,0,34.4,34.5,Poor,3,5,No
1069,7.025,77.53,80.0,1,85.0,78.1,Excellent,3,3,No
1967,8.4,90.47,86.88,3,97.8,94.1,Excellent,3,0,Yes
1103,9.505,97.09625,94.42,2,100.0,91.6,Excellent,4,0,Yes
1563,7.42,72.48,70.67,3,64.7,59.1,Good,1,2,No
1963,7.79,75.9,84.3,3,73.5,78.3,Good,0,0,Yes
1564,5.81,63.45,61.63,0,52.2,53.8,Average,0,2,No
1220,6.68,79.17,74.82,1,64.6,72.4,Average,2,2,Yes
1730,7.81,93.47,73.32,2,64.7,83.3,Excellent,2,1,Yes
1650,6.54,70.5,63.26,1,63.3,64.2,Average,1,2,No
1949,6.89,81.77,82.56,2,73.3,83.8,Good,3,1,Yes
1229,7.025,72.93,65.54,0,58.2,59.9,Good,2,1,No
1879,7.82,71.27,67.22,1,67.0,80.4,Average,2,1,Yes
1925,7.72,77.92,73.32,2,79.7,77.5,Excellent,4,1,Yes
1030,5.0,65.48,61.61,0,30.0,42.4,Poor,2,3,Yes
1144,7.92,83.03,76.88,2,61.3,74.1,Good,2,1,Yes
1685,8.1,87.64,87.81,2,69.1,78.4,Excellent,2,0,Yes
1001,6.79,73.29,75.36,1,50.9,65.6,Excellent,1,1,Yes
1140,6.56,75.37,66.81,1,64.1,59.1,Excellent,2,2,Yes
1449,7.84,89.59,89.1,2,69.0,86.5,Good,4,0,Yes
